                  epoch,         train/box_loss,         train/cls_loss,         train/dfl_loss,   metrics/precision(B),      metrics/recall(B),       metrics/mAP50(B),    metrics/mAP50-95(B),           val/box_loss,           val/cls_loss,           val/dfl_loss,                 lr/pg0,                 lr/pg1,                 lr/pg2
                      1,                  1.579,                0.83076,                0.95045,                0.60169,                0.60615,                0.58184,                0.31748,                 1.4966,                0.81664,                0.93904,             0.00041358,             0.00041358,             0.00041358
                      2,                 1.5934,                0.84624,                0.95801,                0.65457,                0.58461,                0.57894,                0.31828,                 1.5169,                0.80787,                0.94712,             0.00066586,             0.00066586,             0.00066586
                      3,                 1.6019,                0.85064,                0.95823,                0.58076,                0.52979,                0.51931,                0.28953,                 1.5771,                0.83138,                0.95583,             0.00075314,             0.00075314,             0.00075314
                      4,                 1.5848,                 0.8211,                0.95711,                0.65222,                0.60566,                0.60242,                0.32521,                 1.5022,                0.77239,                0.93641,              0.0005075,              0.0005075,              0.0005075
                      5,                  1.577,                0.82092,                0.95329,                 0.6201,                0.60991,                0.57813,                0.31619,                 1.5134,                0.78138,                0.94242,              0.0005075,              0.0005075,              0.0005075
