                  epoch,         train/box_loss,         train/cls_loss,         train/dfl_loss,   metrics/precision(B),      metrics/recall(B),       metrics/mAP50(B),    metrics/mAP50-95(B),           val/box_loss,           val/cls_loss,           val/dfl_loss,                 lr/pg0,                 lr/pg1,                 lr/pg2
                      1,                 1.6252,                0.89268,                0.95955,                0.64193,                0.55814,                0.56544,                0.30997,                 1.4485,                0.75939,                0.95914,             0.00041358,             0.00041358,             0.00041358
                      2,                 1.6752,                0.93447,                0.97348,                 0.6404,                0.56177,                0.55963,                0.30055,                   1.46,                0.79455,                0.96367,             0.00066586,             0.00066586,             0.00066586
                      3,                 1.6544,                0.91732,                0.97086,                0.60089,                 0.5435,                0.53555,                0.29695,                 1.4639,                0.79398,                0.96521,             0.00075314,             0.00075314,             0.00075314
                      4,                 1.6296,                0.86893,                0.96719,                0.62937,                0.53896,                0.54878,                0.30026,                 1.4649,                0.74732,                0.96205,              0.0005075,              0.0005075,              0.0005075
                      5,                 1.6459,                0.88389,                0.96095,                0.66307,                0.58629,                0.58585,                 0.3168,                 1.4338,                 0.7673,                0.95658,              0.0005075,              0.0005075,              0.0005075
