                  epoch,         train/box_loss,         train/cls_loss,         train/dfl_loss,   metrics/precision(B),      metrics/recall(B),       metrics/mAP50(B),    metrics/mAP50-95(B),           val/box_loss,           val/cls_loss,           val/dfl_loss,                 lr/pg0,                 lr/pg1,                 lr/pg2
                      1,                 1.4635,                0.75396,                 0.9484,                0.58383,                0.54061,                0.50921,                0.28307,                  1.581,                   0.77,                0.94638,             0.00041358,             0.00041358,             0.00041358
                      2,                 1.5242,                0.78802,                0.94683,                0.56783,                0.50189,                0.49263,                0.27221,                 1.6352,                0.81649,                0.96226,             0.00066586,             0.00066586,             0.00066586
                      3,                 1.5398,                0.80142,                0.95655,                0.58344,                0.54342,                0.50851,                0.28039,                 1.6017,                0.77428,                  0.954,             0.00075314,             0.00075314,             0.00075314
                      4,                 1.5251,                0.78124,                0.95423,                0.57366,                0.53015,                0.49639,                0.27556,                 1.6076,                0.76745,                 0.9572,              0.0005075,              0.0005075,              0.0005075
                      5,                  1.519,                0.76851,                0.94217,                0.62248,                0.52637,                0.51837,                0.29411,                 1.5627,                0.75354,                0.94383,              0.0005075,              0.0005075,              0.0005075
