                  epoch,         train/box_loss,         train/cls_loss,         train/dfl_loss,   metrics/precision(B),      metrics/recall(B),       metrics/mAP50(B),    metrics/mAP50-95(B),           val/box_loss,           val/cls_loss,           val/dfl_loss,                 lr/pg0,                 lr/pg1,                 lr/pg2
                      1,                 1.5769,                0.83457,                 0.9553,                0.62746,                0.55362,                0.54586,                0.30178,                 1.5631,                 0.8033,                0.96586,             0.00041358,             0.00041358,             0.00041358
                      2,                 1.6023,                0.85285,                 0.9634,                0.66108,                0.53904,                0.54526,                0.29368,                 1.6394,                0.83972,                 0.9897,             0.00066586,             0.00066586,             0.00066586
                      3,                 1.6342,                0.86858,                0.96438,                0.60801,                0.56224,                0.53239,                0.29128,                 1.5941,                0.82031,                 0.9685,             0.00075314,             0.00075314,             0.00075314
                      4,                 1.5569,                0.82174,                0.96261,                0.65749,                 0.5613,                0.55673,                0.30965,                 1.5392,                0.78104,                0.95945,              0.0005075,              0.0005075,              0.0005075
                      5,                 1.5889,                0.83377,                0.95596,                0.63766,                0.56393,                0.55751,                0.30715,                 1.5497,                0.78093,                0.95148,              0.0005075,              0.0005075,              0.0005075
