                  epoch,         train/box_loss,         train/cls_loss,         train/dfl_loss,   metrics/precision(B),      metrics/recall(B),       metrics/mAP50(B),    metrics/mAP50-95(B),           val/box_loss,           val/cls_loss,           val/dfl_loss,                 lr/pg0,                 lr/pg1,                 lr/pg2
                      1,                 1.5073,                 0.7746,                0.94359,                 0.6354,                 0.5482,                0.54603,                0.29778,                 1.4751,                0.76012,                0.93341,             0.00041358,             0.00041358,             0.00041358
                      2,                 1.5207,                0.77692,                0.94151,                0.59887,                0.51982,                0.51958,                0.28675,                 1.5446,                0.74179,                0.95318,             0.00066586,             0.00066586,             0.00066586
                      3,                 1.5644,                 0.7951,                0.94475,                0.57636,                0.54146,                0.52804,                0.28649,                 1.5339,                 0.7639,                 0.9534,             0.00075314,             0.00075314,             0.00075314
                      4,                 1.5383,                0.78008,                0.96034,                0.64998,                0.57471,                0.56622,                0.30849,                 1.4659,                0.71598,                0.93261,              0.0005075,              0.0005075,              0.0005075
                      5,                 1.5247,                0.75508,                0.93489,                 0.6544,                0.58408,                0.58273,                0.32016,                 1.4592,                 0.6942,                0.93382,              0.0005075,              0.0005075,              0.0005075
