                  epoch,         train/box_loss,         train/cls_loss,         train/dfl_loss,   metrics/precision(B),      metrics/recall(B),       metrics/mAP50(B),    metrics/mAP50-95(B),           val/box_loss,           val/cls_loss,           val/dfl_loss,                 lr/pg0,                 lr/pg1,                 lr/pg2
                      1,                 1.5223,                0.80293,                0.94711,                0.57622,                0.51413,                0.50322,                0.28975,                 1.5534,                0.82354,                0.94843,             0.00041358,             0.00041358,             0.00041358
                      2,                 1.5892,                0.84325,                0.95765,                0.55526,                0.52447,                0.48258,                0.27688,                 1.5636,                0.86639,                0.94999,             0.00066586,             0.00066586,             0.00066586
                      3,                 1.5655,                0.82926,                0.95658,                0.55453,                0.49872,                0.48578,                0.27085,                 1.5895,                0.88608,                0.95963,             0.00075314,             0.00075314,             0.00075314
                      4,                 1.5352,                0.78753,                0.95157,                0.61059,                0.53512,                0.50674,                0.28935,                 1.5403,                 0.8237,                0.94908,              0.0005075,              0.0005075,              0.0005075
                      5,                 1.5343,                0.78097,                0.94813,                 0.6042,                0.51872,                0.51384,                0.29207,                 1.5437,                0.82765,                0.94513,              0.0005075,              0.0005075,              0.0005075
