                  epoch,         train/box_loss,         train/cls_loss,         train/dfl_loss,   metrics/precision(B),      metrics/recall(B),       metrics/mAP50(B),    metrics/mAP50-95(B),           val/box_loss,           val/cls_loss,           val/dfl_loss,                 lr/pg0,                 lr/pg1,                 lr/pg2
                      1,                 1.7233,                 1.0222,                0.98173,                0.60489,                0.49337,                0.48273,                0.27038,                 1.5773,                 1.0248,                0.97445,             0.00041358,             0.00041358,             0.00041358
                      2,                  1.653,                0.97861,                0.98285,                0.54117,                0.46828,                0.45254,                0.24677,                  1.646,                0.99927,                0.98613,             0.00066586,             0.00066586,             0.00066586
                      3,                  1.733,                 1.0069,                0.98338,                0.56827,                0.50867,                 0.4694,                0.26369,                 1.5978,                0.96717,                0.96783,             0.00075314,             0.00075314,             0.00075314
                      4,                 1.6435,                0.91698,                0.97704,                0.55653,                 0.5094,                 0.4855,                0.26976,                 1.5326,                0.86929,                0.95949,              0.0005075,              0.0005075,              0.0005075
                      5,                 1.6295,                0.89985,                0.97016,                0.61888,                0.49905,                0.50769,                0.28517,                 1.5414,                0.87445,                0.96076,              0.0005075,              0.0005075,              0.0005075
