                  epoch,         train/box_loss,         train/cls_loss,         train/dfl_loss,   metrics/precision(B),      metrics/recall(B),       metrics/mAP50(B),    metrics/mAP50-95(B),           val/box_loss,           val/cls_loss,           val/dfl_loss,                 lr/pg0,                 lr/pg1,                 lr/pg2
                      1,                 2.0881,                 2.3491,                 1.1319,                 0.6099,                0.32977,                0.36318,                0.20587,                 1.7706,                 1.5841,                 1.0213,             0.00041358,             0.00041358,             0.00041358
                      2,                 1.8411,                  1.334,                 1.0274,                0.45319,                0.43431,                0.41216,                 0.2089,                 1.7421,                 1.1769,                 1.0305,             0.00066586,             0.00066586,             0.00066586
                      3,                 1.8065,                 1.2159,                 1.0153,                0.55752,                0.46019,                0.44584,                0.24337,                 1.6535,                0.98735,                0.99817,             0.00075314,             0.00075314,             0.00075314
                      4,                 1.7365,                 1.0784,                 1.0006,                0.56965,                0.47758,                0.46074,                0.24388,                 1.7073,                0.96833,                 1.0065,              0.0005075,              0.0005075,              0.0005075
                      5,                 1.7312,                 1.0605,                0.97862,                0.56549,                0.50938,                0.48373,                 0.2645,                 1.6121,                0.87148,                  0.983,              0.0005075,              0.0005075,              0.0005075
